Title,URL handle,Description,Vendor,Product category,Type,Tags,Published on online store,Status,SKU,Barcode,Option1 name,Option1 value,Option2 name,Option2 value,Option3 name,Option3 value,Price,Compare-at price,Cost per item,Charge tax,Tax code,Unit price total measure,Unit price total measure unit,Unit price base measure,Unit price base measure unit,Inventory tracker,Variant Inventory Policy,Inventory policy,Continue selling when out of stock,Inventory quantity,Weight value (grams),Weight unit for display,Requires shipping,Fulfillment service,Product image URL,Image position,Image alt text,Variant image URL,Gift card,SEO title,SEO description,Google Shopping / Google product category,Google Shopping / Gender,Google Shopping / Age group,Google Shopping / MPN,Google Shopping / AdWords Grouping,Google Shopping / AdWords labels,Google Shopping / Condition,Google Shopping / Custom product,Google Shopping / Custom label 0,Google Shopping / Custom label 1,Google Shopping / Custom label 2,Google Shopping / Custom label 3,Google Shopping / Custom label 4
Somersault Boy Cotton Sleepsuit – Orange,somersault-boy-cotton-sleepsuit-orange,"Soft & breathable interlock cotton

Polo collar with cute print detailing

Nickel-free snap buttons for easy changes

Full sleeves for extra coziness

Perfect for playtime & sleep

100% Cotton (Interlock Knit)

Machine wash gentle

Do not bleach

Tumble dry low / Line dry",Somer Sault,Fashion,"Top Wear, Bottom Wear","Fashion, Top Wear, Bottom Wear, Full Bodysuit, Boy",TRUE,Active,,,Size,0-3M,,,,,1079.00,1199.00,839.30,TRUE,,,,,,,deny,deny,FALSE,10,,,TRUE,manual,https://www.somersault.life/cdn/shop/files/B-SL-1470-ORG_1-4Y_058bddf9-ee54-4e4f-a6cc-786c84eb6532_800x.webp?v=1761905010,1,,,FALSE,Somersault Boy Cotton Sleepsuit – Orange,"Soft & breathable interlock cotton

Polo collar with cute print detailing

Nickel-free snap buttons for easy changes

Full sleeves for extra coziness

Perfect for playtime & sleep

100% Cotton (Interlock Knit)

Machine wash gentle

Do not bleach

Tumble dry low / Line dry",Fashion,,,,,,,,,,,,
Somersault Boy Cotton Sleepsuit – Orange,somersault-boy-cotton-sleepsuit-orange,"Soft & breathable interlock cotton

Polo collar with cute print detailing

Nickel-free snap buttons for easy changes

Full sleeves for extra coziness

Perfect for playtime & sleep

100% Cotton (Interlock Knit)

Machine wash gentle

Do not bleach

Tumble dry low / Line dry",Somer Sault,Fashion,"Top Wear, Bottom Wear","Fashion, Top Wear, Bottom Wear, Full Bodysuit, Boy",TRUE,Active,,,Size,3-6M,,,,,1079.00,1199.00,839.30,TRUE,,,,,,,deny,deny,FALSE,10,,,TRUE,manual,,,,,FALSE,Somersault Boy Cotton Sleepsuit – Orange,"Soft & breathable interlock cotton

Polo collar with cute print detailing

Nickel-free snap buttons for easy changes

Full sleeves for extra coziness

Perfect for playtime & sleep

100% Cotton (Interlock Knit)

Machine wash gentle

Do not bleach

Tumble dry low / Line dry",Fashion,,,,,,,,,,,,
Somersault Boy Cotton Sleepsuit – Orange,somersault-boy-cotton-sleepsuit-orange,"Soft & breathable interlock cotton

Polo collar with cute print detailing

Nickel-free snap buttons for easy changes

Full sleeves for extra coziness

Perfect for playtime & sleep

100% Cotton (Interlock Knit)

Machine wash gentle

Do not bleach

Tumble dry low / Line dry",Somer Sault,Fashion,"Top Wear, Bottom Wear","Fashion, Top Wear, Bottom Wear, Full Bodysuit, Boy",TRUE,Active,,,Size,6-9M,,,,,1079.00,1199.00,839.30,TRUE,,,,,,,deny,deny,FALSE,10,,,TRUE,manual,,,,,FALSE,Somersault Boy Cotton Sleepsuit – Orange,"Soft & breathable interlock cotton

Polo collar with cute print detailing

Nickel-free snap buttons for easy changes

Full sleeves for extra coziness

Perfect for playtime & sleep

100% Cotton (Interlock Knit)

Machine wash gentle

Do not bleach

Tumble dry low / Line dry",Fashion,,,,,,,,,,,,
Somersault Boy Cotton Sleepsuit – Orange,somersault-boy-cotton-sleepsuit-orange,"Soft & breathable interlock cotton

Polo collar with cute print detailing

Nickel-free snap buttons for easy changes

Full sleeves for extra coziness

Perfect for playtime & sleep

100% Cotton (Interlock Knit)

Machine wash gentle

Do not bleach

Tumble dry low / Line dry",Somer Sault,Fashion,"Top Wear, Bottom Wear","Fashion, Top Wear, Bottom Wear, Full Bodysuit, Boy",TRUE,Active,,,Size,9-12M,,,,,1079.00,1199.00,839.30,TRUE,,,,,,,deny,deny,FALSE,10,,,TRUE,manual,,,,,FALSE,Somersault Boy Cotton Sleepsuit – Orange,"Soft & breathable interlock cotton

Polo collar with cute print detailing

Nickel-free snap buttons for easy changes

Full sleeves for extra coziness

Perfect for playtime & sleep

100% Cotton (Interlock Knit)

Machine wash gentle

Do not bleach

Tumble dry low / Line dry",Fashion,,,,,,,,,,,,
Somersault Boy Cotton Sleepsuit – Orange,somersault-boy-cotton-sleepsuit-orange,"Soft & breathable interlock cotton

Polo collar with cute print detailing

Nickel-free snap buttons for easy changes

Full sleeves for extra coziness

Perfect for playtime & sleep

100% Cotton (Interlock Knit)

Machine wash gentle

Do not bleach

Tumble dry low / Line dry",Somer Sault,Fashion,"Top Wear, Bottom Wear","Fashion, Top Wear, Bottom Wear, Full Bodysuit, Boy",TRUE,Active,,,Size,12-18M,,,,,1079.00,1199.00,839.30,TRUE,,,,,,,deny,deny,FALSE,10,,,TRUE,manual,,,,,FALSE,Somersault Boy Cotton Sleepsuit – Orange,"Soft & breathable interlock cotton

Polo collar with cute print detailing

Nickel-free snap buttons for easy changes

Full sleeves for extra coziness

Perfect for playtime & sleep

100% Cotton (Interlock Knit)

Machine wash gentle

Do not bleach

Tumble dry low / Line dry",Fashion,,,,,,,,,,,,
,somersault-boy-cotton-sleepsuit-orange,,,,,,,,,,,,,,,,,,,,,,,,,,,,,,,,,,https://www.somersault.life/cdn/shop/files/2_335c14a3-a00d-4cef-b84b-c4316a58fa09_800x.webp?v=1764843884,2,,,,,,,,,,,,,,,,,,
,somersault-boy-cotton-sleepsuit-orange,,,,,,,,,,,,,,,,,,,,,,,,,,,,,,,,,,https://www.somersault.life/cdn/shop/files/3_714be16f-f290-47cf-b334-9c8f559a8128_800x.webp?v=1764843884,3,,,,,,,,,,,,,,,,,,
,somersault-boy-cotton-sleepsuit-orange,,,,,,,,,,,,,,,,,,,,,,,,,,,,,,,,,,https://www.somersault.life/cdn/shop/files/4_114e8b94-4e5d-4a93-9fc6-7c520dd9d30c_800x.webp?v=1764843884,4,,,,,,,,,,,,,,,,,,
,somersault-boy-cotton-sleepsuit-orange,,,,,,,,,,,,,,,,,,,,,,,,,,,,,,,,,,https://www.somersault.life/cdn/shop/files/5_407b1571-5d28-43cb-b8a9-703543512a0b_800x.webp?v=1764843884,5,,,,,,,,,,,,,,,,,,
Somersault Boy Dhoti Kurta Embroidered With Jacket – Green (2 Pieces),somersault-boy-dhoti-kurta-embroidered-with-jacket-green-2-pieces,"Soft cotton festive set with zari embroidery

Band collar & front placket for a neat ethnic look

Elastic dhoti for a gentle, secure fit

30’S Cross Slub Woven Cotton

Gentle machine wash or hand wash

Do not bleach

Dry in shade and iron on low (avoid embroidery)",Somer Sault,Fashion,"Top Wear, Bottom Wear, Ethnic Wear","Fashion, Top Wear, Bottom Wear, Ethnic Wear, Ethnic Wear, Boy",TRUE,Active,,,Size,0-3M,,,,,1529.00,1699.00,1189.30,TRUE,,,,,,,deny,deny,FALSE,10,,,TRUE,manual,https://www.somersault.life/cdn/shop/files/1657-GREEN_1-4Y_800x.webp?v=1759120277,1,,,FALSE,Somersault Boy Dhoti Kurta Embroidered With Jacket – Green (2 Pieces),"Soft cotton festive set with zari embroidery

Band collar & front placket for a neat ethnic look

Elastic dhoti for a gentle, secure fit

30’S Cross Slub Woven Cotton

Gentle machine wash or hand wash

Do not bleach

Dry in shade and iron on low (avoid embroidery)",Fashion,,,,,,,,,,,,
Somersault Boy Dhoti Kurta Embroidered With Jacket – Green (2 Pieces),somersault-boy-dhoti-kurta-embroidered-with-jacket-green-2-pieces,"Soft cotton festive set with zari embroidery

Band collar & front placket for a neat ethnic look

Elastic dhoti for a gentle, secure fit

30’S Cross Slub Woven Cotton

Gentle machine wash or hand wash

Do not bleach

Dry in shade and iron on low (avoid embroidery)",Somer Sault,Fashion,"Top Wear, Bottom Wear, Ethnic Wear","Fashion, Top Wear, Bottom Wear, Ethnic Wear, Ethnic Wear, Boy",TRUE,Active,,,Size,3-6M,,,,,1529.00,1699.00,1189.30,TRUE,,,,,,,deny,deny,FALSE,10,,,TRUE,manual,,,,,FALSE,Somersault Boy Dhoti Kurta Embroidered With Jacket – Green (2 Pieces),"Soft cotton festive set with zari embroidery

Band collar & front placket for a neat ethnic look

Elastic dhoti for a gentle, secure fit

30’S Cross Slub Woven Cotton

Gentle machine wash or hand wash

Do not bleach

Dry in shade and iron on low (avoid embroidery)",Fashion,,,,,,,,,,,,
Somersault Boy Dhoti Kurta Embroidered With Jacket – Green (2 Pieces),somersault-boy-dhoti-kurta-embroidered-with-jacket-green-2-pieces,"Soft cotton festive set with zari embroidery

Band collar & front placket for a neat ethnic look

Elastic dhoti for a gentle, secure fit

30’S Cross Slub Woven Cotton

Gentle machine wash or hand wash

Do not bleach

Dry in shade and iron on low (avoid embroidery)",Somer Sault,Fashion,"Top Wear, Bottom Wear, Ethnic Wear","Fashion, Top Wear, Bottom Wear, Ethnic Wear, Ethnic Wear, Boy",TRUE,Active,,,Size,6-9M,,,,,1529.00,1699.00,1189.30,TRUE,,,,,,,deny,deny,FALSE,10,,,TRUE,manual,,,,,FALSE,Somersault Boy Dhoti Kurta Embroidered With Jacket – Green (2 Pieces),"Soft cotton festive set with zari embroidery

Band collar & front placket for a neat ethnic look

Elastic dhoti for a gentle, secure fit

30’S Cross Slub Woven Cotton

Gentle machine wash or hand wash

Do not bleach

Dry in shade and iron on low (avoid embroidery)",Fashion,,,,,,,,,,,,
Somersault Boy Dhoti Kurta Embroidered With Jacket – Green (2 Pieces),somersault-boy-dhoti-kurta-embroidered-with-jacket-green-2-pieces,"Soft cotton festive set with zari embroidery

Band collar & front placket for a neat ethnic look

Elastic dhoti for a gentle, secure fit

30’S Cross Slub Woven Cotton

Gentle machine wash or hand wash

Do not bleach

Dry in shade and iron on low (avoid embroidery)",Somer Sault,Fashion,"Top Wear, Bottom Wear, Ethnic Wear","Fashion, Top Wear, Bottom Wear, Ethnic Wear, Ethnic Wear, Boy",TRUE,Active,,,Size,9-12M,,,,,1529.00,1699.00,1189.30,TRUE,,,,,,,deny,deny,FALSE,10,,,TRUE,manual,,,,,FALSE,Somersault Boy Dhoti Kurta Embroidered With Jacket – Green (2 Pieces),"Soft cotton festive set with zari embroidery

Band collar & front placket for a neat ethnic look

Elastic dhoti for a gentle, secure fit

30’S Cross Slub Woven Cotton

Gentle machine wash or hand wash

Do not bleach

Dry in shade and iron on low (avoid embroidery)",Fashion,,,,,,,,,,,,
Somersault Boy Dhoti Kurta Embroidered With Jacket – Green (2 Pieces),somersault-boy-dhoti-kurta-embroidered-with-jacket-green-2-pieces,"Soft cotton festive set with zari embroidery

Band collar & front placket for a neat ethnic look

Elastic dhoti for a gentle, secure fit

30’S Cross Slub Woven Cotton

Gentle machine wash or hand wash

Do not bleach

Dry in shade and iron on low (avoid embroidery)",Somer Sault,Fashion,"Top Wear, Bottom Wear, Ethnic Wear","Fashion, Top Wear, Bottom Wear, Ethnic Wear, Ethnic Wear, Boy",TRUE,Active,,,Size,12-18M,,,,,1529.00,1699.00,1189.30,TRUE,,,,,,,deny,deny,FALSE,10,,,TRUE,manual,,,,,FALSE,Somersault Boy Dhoti Kurta Embroidered With Jacket – Green (2 Pieces),"Soft cotton festive set with zari embroidery

Band collar & front placket for a neat ethnic look

Elastic dhoti for a gentle, secure fit

30’S Cross Slub Woven Cotton

Gentle machine wash or hand wash

Do not bleach

Dry in shade and iron on low (avoid embroidery)",Fashion,,,,,,,,,,,,
Somersault Boy Dhoti Kurta Embroidered With Jacket – Green (2 Pieces),somersault-boy-dhoti-kurta-embroidered-with-jacket-green-2-pieces,"Soft cotton festive set with zari embroidery

Band collar & front placket for a neat ethnic look

Elastic dhoti for a gentle, secure fit

30’S Cross Slub Woven Cotton

Gentle machine wash or hand wash

Do not bleach

Dry in shade and iron on low (avoid embroidery)",Somer Sault,Fashion,"Top Wear, Bottom Wear, Ethnic Wear","Fashion, Top Wear, Bottom Wear, Ethnic Wear, Ethnic Wear, Boy",TRUE,Active,,,Size,18-24M,,,,,1529.00,1699.00,1189.30,TRUE,,,,,,,deny,deny,FALSE,10,,,TRUE,manual,,,,,FALSE,Somersault Boy Dhoti Kurta Embroidered With Jacket – Green (2 Pieces),"Soft cotton festive set with zari embroidery

Band collar & front placket for a neat ethnic look

Elastic dhoti for a gentle, secure fit

30’S Cross Slub Woven Cotton

Gentle machine wash or hand wash

Do not bleach

Dry in shade and iron on low (avoid embroidery)",Fashion,,,,,,,,,,,,
,somersault-boy-dhoti-kurta-embroidered-with-jacket-green-2-pieces,,,,,,,,,,,,,,,,,,,,,,,,,,,,,,,,,,https://www.somersault.life/cdn/shop/files/1_5f8feb04-90e8-4496-802f-7b63de073203_800x.webp?v=1759120277,2,,,,,,,,,,,,,,,,,,
,somersault-boy-dhoti-kurta-embroidered-with-jacket-green-2-pieces,,,,,,,,,,,,,,,,,,,,,,,,,,,,,,,,,,https://www.somersault.life/cdn/shop/files/3_13cfa3a1-3cea-4b78-a593-8020ba1b26b6_800x.webp?v=1759120277,3,,,,,,,,,,,,,,,,,,
,somersault-boy-dhoti-kurta-embroidered-with-jacket-green-2-pieces,,,,,,,,,,,,,,,,,,,,,,,,,,,,,,,,,,https://www.somersault.life/cdn/shop/files/4_e75d691a-3fad-4961-8a4e-9eb191e665a3_800x.webp?v=1759120277,4,,,,,,,,,,,,,,,,,,
,somersault-boy-dhoti-kurta-embroidered-with-jacket-green-2-pieces,,,,,,,,,,,,,,,,,,,,,,,,,,,,,,,,,,https://www.somersault.life/cdn/shop/files/5_ded3d2b6-8280-4bb9-b790-2914e0d3a50e_800x.webp?v=1759120277,5,,,,,,,,,,,,,,,,,,
Somersault Girl Cotton Printed Sleepsuit – Yellow,somersault-girl-cotton-printed-sleepsuit-yellow,"Bright yellow printed sleepsuit with front zip closure (neck to foot)

Full sleeves with ruffle shoulder detail and footed bottom for warmth

Soft, breathable, comfy design — ideal for sleep or play

100% breathable cotton

Gentle machine wash

Do not bleach

Tumble dry low or line dry",Somer Sault,Fashion,"Top Wear, Bottom Wear","Fashion, Top Wear, Bottom Wear, Full Bodysuit, Girl",TRUE,Active,,,Size,3-6M,,,,,899.00,999.00,699.30,TRUE,,,,,,,deny,deny,FALSE,10,,,TRUE,manual,https://www.somersault.life/cdn/shop/files/G-SL-1462-YLW_1-4_800x.webp?v=1761733618,1,,,FALSE,Somersault Girl Cotton Printed Sleepsuit – Yellow,"Bright yellow printed sleepsuit with front zip closure (neck to foot)

Full sleeves with ruffle shoulder detail and footed bottom for warmth

Soft, breathable, comfy design — ideal for sleep or play

100% breathable cotton

Gentle machine wash

Do not bleach

Tumble dry low or line dry",Fashion,,,,,,,,,,,,
Somersault Girl Cotton Printed Sleepsuit – Yellow,somersault-girl-cotton-printed-sleepsuit-yellow,"Bright yellow printed sleepsuit with front zip closure (neck to foot)

Full sleeves with ruffle shoulder detail and footed bottom for warmth

Soft, breathable, comfy design — ideal for sleep or play

100% breathable cotton

Gentle machine wash

Do not bleach

Tumble dry low or line dry",Somer Sault,Fashion,"Top Wear, Bottom Wear","Fashion, Top Wear, Bottom Wear, Full Bodysuit, Girl",TRUE,Active,,,Size,6-9M,,,,,899.00,999.00,699.30,TRUE,,,,,,,deny,deny,FALSE,10,,,TRUE,manual,,,,,FALSE,Somersault Girl Cotton Printed Sleepsuit – Yellow,"Bright yellow printed sleepsuit with front zip closure (neck to foot)

Full sleeves with ruffle shoulder detail and footed bottom for warmth

Soft, breathable, comfy design — ideal for sleep or play

100% breathable cotton

Gentle machine wash

Do not bleach

Tumble dry low or line dry",Fashion,,,,,,,,,,,,
Somersault Girl Cotton Printed Sleepsuit – Yellow,somersault-girl-cotton-printed-sleepsuit-yellow,"Bright yellow printed sleepsuit with front zip closure (neck to foot)

Full sleeves with ruffle shoulder detail and footed bottom for warmth

Soft, breathable, comfy design — ideal for sleep or play

100% breathable cotton

Gentle machine wash

Do not bleach

Tumble dry low or line dry",Somer Sault,Fashion,"Top Wear, Bottom Wear","Fashion, Top Wear, Bottom Wear, Full Bodysuit, Girl",TRUE,Active,,,Size,9-12M,,,,,899.00,999.00,699.30,TRUE,,,,,,,deny,deny,FALSE,10,,,TRUE,manual,,,,,FALSE,Somersault Girl Cotton Printed Sleepsuit – Yellow,"Bright yellow printed sleepsuit with front zip closure (neck to foot)

Full sleeves with ruffle shoulder detail and footed bottom for warmth

Soft, breathable, comfy design — ideal for sleep or play

100% breathable cotton

Gentle machine wash

Do not bleach

Tumble dry low or line dry",Fashion,,,,,,,,,,,,
Somersault Girl Cotton Printed Sleepsuit – Yellow,somersault-girl-cotton-printed-sleepsuit-yellow,"Bright yellow printed sleepsuit with front zip closure (neck to foot)

Full sleeves with ruffle shoulder detail and footed bottom for warmth

Soft, breathable, comfy design — ideal for sleep or play

100% breathable cotton

Gentle machine wash

Do not bleach

Tumble dry low or line dry",Somer Sault,Fashion,"Top Wear, Bottom Wear","Fashion, Top Wear, Bottom Wear, Full Bodysuit, Girl",TRUE,Active,,,Size,12-18M,,,,,899.00,999.00,699.30,TRUE,,,,,,,deny,deny,FALSE,10,,,TRUE,manual,,,,,FALSE,Somersault Girl Cotton Printed Sleepsuit – Yellow,"Bright yellow printed sleepsuit with front zip closure (neck to foot)

Full sleeves with ruffle shoulder detail and footed bottom for warmth

Soft, breathable, comfy design — ideal for sleep or play

100% breathable cotton

Gentle machine wash

Do not bleach

Tumble dry low or line dry",Fashion,,,,,,,,,,,,
,somersault-girl-cotton-printed-sleepsuit-yellow,,,,,,,,,,,,,,,,,,,,,,,,,,,,,,,,,,https://www.somersault.life/cdn/shop/files/1_c6b4f1a1-bb1c-4ae3-b07f-8bc4d98f7820_800x.webp?v=1764849165,2,,,,,,,,,,,,,,,,,,
,somersault-girl-cotton-printed-sleepsuit-yellow,,,,,,,,,,,,,,,,,,,,,,,,,,,,,,,,,,https://www.somersault.life/cdn/shop/files/3_bfcbf893-3b33-4b80-b4bc-030f7a67ca68_800x.webp?v=1764849165,3,,,,,,,,,,,,,,,,,,
,somersault-girl-cotton-printed-sleepsuit-yellow,,,,,,,,,,,,,,,,,,,,,,,,,,,,,,,,,,https://www.somersault.life/cdn/shop/files/4_8fe8d5bd-ab4a-4953-8acb-71e4897f02a8_800x.webp?v=1764849165,4,,,,,,,,,,,,,,,,,,
,somersault-girl-cotton-printed-sleepsuit-yellow,,,,,,,,,,,,,,,,,,,,,,,,,,,,,,,,,,https://www.somersault.life/cdn/shop/files/7_163131af-8717-4120-acdb-68edcafd0b60_800x.webp?v=1764849165,5,,,,,,,,,,,,,,,,,,
Somersault Girl Cotton Embroidered Sleepsuit – Pink,somersault-girl-cotton-embroidered-sleepsuit-pink,"Footed sleepsuit for snug warmth

Nickel-free snap buttons for hassle-free changes

Soft & breathable for all-night comfort

100% Interlock Knit Cotton

Gentle machine wash

Do not bleach

Tumble dry low / Line dry",Somer Sault,Fashion,"Top Wear, Bottom Wear","Fashion, Top Wear, Bottom Wear, Full Bodysuit, Girl",TRUE,Active,,,Size,0-3M,,,,,1079.00,1199.00,839.30,TRUE,,,,,,,deny,deny,FALSE,10,,,TRUE,manual,https://www.somersault.life/cdn/shop/files/G-SL-1463-PNK_1-4Y_800x.webp?v=1758282325,1,,,FALSE,Somersault Girl Cotton Embroidered Sleepsuit – Pink,"Footed sleepsuit for snug warmth

Nickel-free snap buttons for hassle-free changes

Soft & breathable for all-night comfort

100% Interlock Knit Cotton

Gentle machine wash

Do not bleach

Tumble dry low / Line dry",Fashion,,,,,,,,,,,,
Somersault Girl Cotton Embroidered Sleepsuit – Pink,somersault-girl-cotton-embroidered-sleepsuit-pink,"Footed sleepsuit for snug warmth

Nickel-free snap buttons for hassle-free changes

Soft & breathable for all-night comfort

100% Interlock Knit Cotton

Gentle machine wash

Do not bleach

Tumble dry low / Line dry",Somer Sault,Fashion,"Top Wear, Bottom Wear","Fashion, Top Wear, Bottom Wear, Full Bodysuit, Girl",TRUE,Active,,,Size,3-6M,,,,,1079.00,1199.00,839.30,TRUE,,,,,,,deny,deny,FALSE,10,,,TRUE,manual,,,,,FALSE,Somersault Girl Cotton Embroidered Sleepsuit – Pink,"Footed sleepsuit for snug warmth

Nickel-free snap buttons for hassle-free changes

Soft & breathable for all-night comfort

100% Interlock Knit Cotton

Gentle machine wash

Do not bleach

Tumble dry low / Line dry",Fashion,,,,,,,,,,,,
Somersault Girl Cotton Embroidered Sleepsuit – Pink,somersault-girl-cotton-embroidered-sleepsuit-pink,"Footed sleepsuit for snug warmth

Nickel-free snap buttons for hassle-free changes

Soft & breathable for all-night comfort

100% Interlock Knit Cotton

Gentle machine wash

Do not bleach

Tumble dry low / Line dry",Somer Sault,Fashion,"Top Wear, Bottom Wear","Fashion, Top Wear, Bottom Wear, Full Bodysuit, Girl",TRUE,Active,,,Size,6-9M,,,,,1079.00,1199.00,839.30,TRUE,,,,,,,deny,deny,FALSE,10,,,TRUE,manual,,,,,FALSE,Somersault Girl Cotton Embroidered Sleepsuit – Pink,"Footed sleepsuit for snug warmth

Nickel-free snap buttons for hassle-free changes

Soft & breathable for all-night comfort

100% Interlock Knit Cotton

Gentle machine wash

Do not bleach

Tumble dry low / Line dry",Fashion,,,,,,,,,,,,
Somersault Girl Cotton Embroidered Sleepsuit – Pink,somersault-girl-cotton-embroidered-sleepsuit-pink,"Footed sleepsuit for snug warmth

Nickel-free snap buttons for hassle-free changes

Soft & breathable for all-night comfort

100% Interlock Knit Cotton

Gentle machine wash

Do not bleach

Tumble dry low / Line dry",Somer Sault,Fashion,"Top Wear, Bottom Wear","Fashion, Top Wear, Bottom Wear, Full Bodysuit, Girl",TRUE,Active,,,Size,9-12M,,,,,1079.00,1199.00,839.30,TRUE,,,,,,,deny,deny,FALSE,10,,,TRUE,manual,,,,,FALSE,Somersault Girl Cotton Embroidered Sleepsuit – Pink,"Footed sleepsuit for snug warmth

Nickel-free snap buttons for hassle-free changes

Soft & breathable for all-night comfort

100% Interlock Knit Cotton

Gentle machine wash

Do not bleach

Tumble dry low / Line dry",Fashion,,,,,,,,,,,,
Somersault Girl Cotton Embroidered Sleepsuit – Pink,somersault-girl-cotton-embroidered-sleepsuit-pink,"Footed sleepsuit for snug warmth

Nickel-free snap buttons for hassle-free changes

Soft & breathable for all-night comfort

100% Interlock Knit Cotton

Gentle machine wash

Do not bleach

Tumble dry low / Line dry",Somer Sault,Fashion,"Top Wear, Bottom Wear","Fashion, Top Wear, Bottom Wear, Full Bodysuit, Girl",TRUE,Active,,,Size,12-18M,,,,,1079.00,1199.00,839.30,TRUE,,,,,,,deny,deny,FALSE,10,,,TRUE,manual,,,,,FALSE,Somersault Girl Cotton Embroidered Sleepsuit – Pink,"Footed sleepsuit for snug warmth

Nickel-free snap buttons for hassle-free changes

Soft & breathable for all-night comfort

100% Interlock Knit Cotton

Gentle machine wash

Do not bleach

Tumble dry low / Line dry",Fashion,,,,,,,,,,,,
,somersault-girl-cotton-embroidered-sleepsuit-pink,,,,,,,,,,,,,,,,,,,,,,,,,,,,,,,,,,https://www.somersault.life/cdn/shop/files/2_c5efc3df-1e9c-427f-a31b-a4bfd4217711_800x.webp?v=1764850633,2,,,,,,,,,,,,,,,,,,
,somersault-girl-cotton-embroidered-sleepsuit-pink,,,,,,,,,,,,,,,,,,,,,,,,,,,,,,,,,,https://www.somersault.life/cdn/shop/files/3_9af3a385-9c38-4a2d-9abe-d6fa61c97687_800x.webp?v=1764850633,3,,,,,,,,,,,,,,,,,,
,somersault-girl-cotton-embroidered-sleepsuit-pink,,,,,,,,,,,,,,,,,,,,,,,,,,,,,,,,,,https://www.somersault.life/cdn/shop/files/4_747eb59d-8284-48fc-bc7b-6dae57fcd78c_800x.webp?v=1764850633,4,,,,,,,,,,,,,,,,,,
,somersault-girl-cotton-embroidered-sleepsuit-pink,,,,,,,,,,,,,,,,,,,,,,,,,,,,,,,,,,https://www.somersault.life/cdn/shop/files/8_00f5b73b-aebe-44ad-aa0f-6e049e8a69db_800x.webp?v=1764850633,5,,,,,,,,,,,,,,,,,,
Somersault Girl Cotton Full Sleeves Sleepsuit – Multi,somersault-girl-cotton-full-sleeves-sleepsuit-multi,"Full-length snap closure from neck to feet

Footed design with cute ruffle detailing

Soft, breathable & brightly printed for day-to-night comfort

100% Interlock Knit Cotton

Gentle machine wash

Do not bleach

Tumble dry low / Line dry",Somer Sault,Fashion,"Top Wear, Bottom Wear","Fashion, Top Wear, Bottom Wear, Full Bodysuit, Girl",TRUE,Active,,,Size,3-6M,,,,,1799.00,1999.00,1399.30,TRUE,,,,,,,deny,deny,FALSE,10,,,TRUE,manual,https://www.somersault.life/cdn/shop/files/G-SL-1472-MUL_0-1_7819d589-651d-43f6-ba99-10a2ecd11607_800x.webp?v=1761729901,1,,,FALSE,Somersault Girl Cotton Full Sleeves Sleepsuit – Multi,"Full-length snap closure from neck to feet

Footed design with cute ruffle detailing

Soft, breathable & brightly printed for day-to-night comfort

100% Interlock Knit Cotton

Gentle machine wash

Do not bleach

Tumble dry low / Line dry",Fashion,,,,,,,,,,,,
Somersault Girl Cotton Full Sleeves Sleepsuit – Multi,somersault-girl-cotton-full-sleeves-sleepsuit-multi,"Full-length snap closure from neck to feet

Footed design with cute ruffle detailing

Soft, breathable & brightly printed for day-to-night comfort

100% Interlock Knit Cotton

Gentle machine wash

Do not bleach

Tumble dry low / Line dry",Somer Sault,Fashion,"Top Wear, Bottom Wear","Fashion, Top Wear, Bottom Wear, Full Bodysuit, Girl",TRUE,Active,,,Size,6-9M,,,,,1799.00,1999.00,1399.30,TRUE,,,,,,,deny,deny,FALSE,10,,,TRUE,manual,,,,,FALSE,Somersault Girl Cotton Full Sleeves Sleepsuit – Multi,"Full-length snap closure from neck to feet

Footed design with cute ruffle detailing

Soft, breathable & brightly printed for day-to-night comfort

100% Interlock Knit Cotton

Gentle machine wash

Do not bleach

Tumble dry low / Line dry",Fashion,,,,,,,,,,,,
Somersault Girl Cotton Full Sleeves Sleepsuit – Multi,somersault-girl-cotton-full-sleeves-sleepsuit-multi,"Full-length snap closure from neck to feet

Footed design with cute ruffle detailing

Soft, breathable & brightly printed for day-to-night comfort

100% Interlock Knit Cotton

Gentle machine wash

Do not bleach

Tumble dry low / Line dry",Somer Sault,Fashion,"Top Wear, Bottom Wear","Fashion, Top Wear, Bottom Wear, Full Bodysuit, Girl",TRUE,Active,,,Size,9-12M,,,,,1799.00,1999.00,1399.30,TRUE,,,,,,,deny,deny,FALSE,10,,,TRUE,manual,,,,,FALSE,Somersault Girl Cotton Full Sleeves Sleepsuit – Multi,"Full-length snap closure from neck to feet

Footed design with cute ruffle detailing

Soft, breathable & brightly printed for day-to-night comfort

100% Interlock Knit Cotton

Gentle machine wash

Do not bleach

Tumble dry low / Line dry",Fashion,,,,,,,,,,,,
Somersault Girl Cotton Full Sleeves Sleepsuit – Multi,somersault-girl-cotton-full-sleeves-sleepsuit-multi,"Full-length snap closure from neck to feet

Footed design with cute ruffle detailing

Soft, breathable & brightly printed for day-to-night comfort

100% Interlock Knit Cotton

Gentle machine wash

Do not bleach

Tumble dry low / Line dry",Somer Sault,Fashion,"Top Wear, Bottom Wear","Fashion, Top Wear, Bottom Wear, Full Bodysuit, Girl",TRUE,Active,,,Size,12-18M,,,,,1799.00,1999.00,1399.30,TRUE,,,,,,,deny,deny,FALSE,10,,,TRUE,manual,,,,,FALSE,Somersault Girl Cotton Full Sleeves Sleepsuit – Multi,"Full-length snap closure from neck to feet

Footed design with cute ruffle detailing

Soft, breathable & brightly printed for day-to-night comfort

100% Interlock Knit Cotton

Gentle machine wash

Do not bleach

Tumble dry low / Line dry",Fashion,,,,,,,,,,,,
,somersault-girl-cotton-full-sleeves-sleepsuit-multi,,,,,,,,,,,,,,,,,,,,,,,,,,,,,,,,,,https://www.somersault.life/cdn/shop/files/2_2a60872f-a61a-4fe0-8966-427bbd7863e2_800x.webp?v=1764851103,2,,,,,,,,,,,,,,,,,,
,somersault-girl-cotton-full-sleeves-sleepsuit-multi,,,,,,,,,,,,,,,,,,,,,,,,,,,,,,,,,,https://www.somersault.life/cdn/shop/files/4_594d4c32-0937-47fe-8be6-4a9f903ec28d_800x.webp?v=1764851103,3,,,,,,,,,,,,,,,,,,
,somersault-girl-cotton-full-sleeves-sleepsuit-multi,,,,,,,,,,,,,,,,,,,,,,,,,,,,,,,,,,https://www.somersault.life/cdn/shop/files/3_dc04fa68-84e1-47b4-b180-124d49d6d815_800x.webp?v=1764851103,4,,,,,,,,,,,,,,,,,,
,somersault-girl-cotton-full-sleeves-sleepsuit-multi,,,,,,,,,,,,,,,,,,,,,,,,,,,,,,,,,,https://www.somersault.life/cdn/shop/files/5_ec4a6de8-c0b8-4a83-a0ac-eb23cfa80f66_800x.webp?v=1764851103,5,,,,,,,,,,,,,,,,,,
Somersault Infant Girls Sets – Yellow (2 Pieces),somersault-infant-girls-sets-yellow-2-pieces,"Festive co-ord set with puff sleeves & flared top

Ruffle detailing and tassel accents in bandhani print

Back closure and elastic drawstring pants for a comfy, secure fit

Light, breathable design for all-day movement

Soft, breathable cotton

Gentle hand/machine wash

Do not bleach

Dry in shade & iron on low (avoid tassels)",Somer Sault,Fashion,"Top Wear, Bottom Wear","Fashion, Top Wear, Bottom Wear, Full Bodysuit, Girl",TRUE,Active,,,Size,0-3M,,,,,1529.00,1699.00,1189.30,TRUE,,,,,,,deny,deny,FALSE,10,,,TRUE,manual,https://www.somersault.life/cdn/shop/files/G-ST-1646-YLW_0-1Y_28bbe850-d477-4279-9f6f-a7dc6c7cb3eb_800x.webp?v=1759217829,1,,,FALSE,Somersault Infant Girls Sets – Yellow (2 Pieces),"Festive co-ord set with puff sleeves & flared top

Ruffle detailing and tassel accents in bandhani print

Back closure and elastic drawstring pants for a comfy, secure fit

Light, breathable design for all-day movement

Soft, breathable cotton

Gentle hand/machine wash

Do not bleach

Dry in shade & iron on low (avoid ",Fashion,,,,,,,,,,,,
Somersault Infant Girls Sets – Yellow (2 Pieces),somersault-infant-girls-sets-yellow-2-pieces,"Festive co-ord set with puff sleeves & flared top

Ruffle detailing and tassel accents in bandhani print

Back closure and elastic drawstring pants for a comfy, secure fit

Light, breathable design for all-day movement

Soft, breathable cotton

Gentle hand/machine wash

Do not bleach

Dry in shade & iron on low (avoid tassels)",Somer Sault,Fashion,"Top Wear, Bottom Wear","Fashion, Top Wear, Bottom Wear, Full Bodysuit, Girl",TRUE,Active,,,Size,3-6M,,,,,1529.00,1699.00,1189.30,TRUE,,,,,,,deny,deny,FALSE,10,,,TRUE,manual,,,,,FALSE,Somersault Infant Girls Sets – Yellow (2 Pieces),"Festive co-ord set with puff sleeves & flared top

Ruffle detailing and tassel accents in bandhani print

Back closure and elastic drawstring pants for a comfy, secure fit

Light, breathable design for all-day movement

Soft, breathable cotton

Gentle hand/machine wash

Do not bleach

Dry in shade & iron on low (avoid ",Fashion,,,,,,,,,,,,
Somersault Infant Girls Sets – Yellow (2 Pieces),somersault-infant-girls-sets-yellow-2-pieces,"Festive co-ord set with puff sleeves & flared top

Ruffle detailing and tassel accents in bandhani print

Back closure and elastic drawstring pants for a comfy, secure fit

Light, breathable design for all-day movement

Soft, breathable cotton

Gentle hand/machine wash

Do not bleach

Dry in shade & iron on low (avoid tassels)",Somer Sault,Fashion,"Top Wear, Bottom Wear","Fashion, Top Wear, Bottom Wear, Full Bodysuit, Girl",TRUE,Active,,,Size,6-9M,,,,,1529.00,1699.00,1189.30,TRUE,,,,,,,deny,deny,FALSE,10,,,TRUE,manual,,,,,FALSE,Somersault Infant Girls Sets – Yellow (2 Pieces),"Festive co-ord set with puff sleeves & flared top

Ruffle detailing and tassel accents in bandhani print

Back closure and elastic drawstring pants for a comfy, secure fit

Light, breathable design for all-day movement

Soft, breathable cotton

Gentle hand/machine wash

Do not bleach

Dry in shade & iron on low (avoid ",Fashion,,,,,,,,,,,,
Somersault Infant Girls Sets – Yellow (2 Pieces),somersault-infant-girls-sets-yellow-2-pieces,"Festive co-ord set with puff sleeves & flared top

Ruffle detailing and tassel accents in bandhani print

Back closure and elastic drawstring pants for a comfy, secure fit

Light, breathable design for all-day movement

Soft, breathable cotton

Gentle hand/machine wash

Do not bleach

Dry in shade & iron on low (avoid tassels)",Somer Sault,Fashion,"Top Wear, Bottom Wear","Fashion, Top Wear, Bottom Wear, Full Bodysuit, Girl",TRUE,Active,,,Size,9-12M,,,,,1529.00,1699.00,1189.30,TRUE,,,,,,,deny,deny,FALSE,10,,,TRUE,manual,,,,,FALSE,Somersault Infant Girls Sets – Yellow (2 Pieces),"Festive co-ord set with puff sleeves & flared top

Ruffle detailing and tassel accents in bandhani print

Back closure and elastic drawstring pants for a comfy, secure fit

Light, breathable design for all-day movement

Soft, breathable cotton

Gentle hand/machine wash

Do not bleach

Dry in shade & iron on low (avoid ",Fashion,,,,,,,,,,,,
Somersault Infant Girls Sets – Yellow (2 Pieces),somersault-infant-girls-sets-yellow-2-pieces,"Festive co-ord set with puff sleeves & flared top

Ruffle detailing and tassel accents in bandhani print

Back closure and elastic drawstring pants for a comfy, secure fit

Light, breathable design for all-day movement

Soft, breathable cotton

Gentle hand/machine wash

Do not bleach

Dry in shade & iron on low (avoid tassels)",Somer Sault,Fashion,"Top Wear, Bottom Wear","Fashion, Top Wear, Bottom Wear, Full Bodysuit, Girl",TRUE,Active,,,Size,12-18M,,,,,1529.00,1699.00,1189.30,TRUE,,,,,,,deny,deny,FALSE,10,,,TRUE,manual,,,,,FALSE,Somersault Infant Girls Sets – Yellow (2 Pieces),"Festive co-ord set with puff sleeves & flared top

Ruffle detailing and tassel accents in bandhani print

Back closure and elastic drawstring pants for a comfy, secure fit

Light, breathable design for all-day movement

Soft, breathable cotton

Gentle hand/machine wash

Do not bleach

Dry in shade & iron on low (avoid ",Fashion,,,,,,,,,,,,
Somersault Infant Girls Sets – Yellow (2 Pieces),somersault-infant-girls-sets-yellow-2-pieces,"Festive co-ord set with puff sleeves & flared top

Ruffle detailing and tassel accents in bandhani print

Back closure and elastic drawstring pants for a comfy, secure fit

Light, breathable design for all-day movement

Soft, breathable cotton

Gentle hand/machine wash

Do not bleach

Dry in shade & iron on low (avoid tassels)",Somer Sault,Fashion,"Top Wear, Bottom Wear","Fashion, Top Wear, Bottom Wear, Full Bodysuit, Girl",TRUE,Active,,,Size,18-24M,,,,,1529.00,1699.00,1189.30,TRUE,,,,,,,deny,deny,FALSE,10,,,TRUE,manual,,,,,FALSE,Somersault Infant Girls Sets – Yellow (2 Pieces),"Festive co-ord set with puff sleeves & flared top

Ruffle detailing and tassel accents in bandhani print

Back closure and elastic drawstring pants for a comfy, secure fit

Light, breathable design for all-day movement

Soft, breathable cotton

Gentle hand/machine wash

Do not bleach

Dry in shade & iron on low (avoid ",Fashion,,,,,,,,,,,,
,somersault-infant-girls-sets-yellow-2-pieces,,,,,,,,,,,,,,,,,,,,,,,,,,,,,,,,,,https://www.somersault.life/cdn/shop/files/1_4d34bb95-cd32-429a-a252-37e333924ffa_800x.webp?v=1759217829,2,,,,,,,,,,,,,,,,,,
,somersault-infant-girls-sets-yellow-2-pieces,,,,,,,,,,,,,,,,,,,,,,,,,,,,,,,,,,https://www.somersault.life/cdn/shop/files/2_8363126c-b542-436a-9f09-1fcfa5366f12_800x.webp?v=1759217829,3,,,,,,,,,,,,,,,,,,
,somersault-infant-girls-sets-yellow-2-pieces,,,,,,,,,,,,,,,,,,,,,,,,,,,,,,,,,,https://www.somersault.life/cdn/shop/files/3_1cc410aa-179e-40fb-acf7-68f2898a53d3_800x.webp?v=1759217829,4,,,,,,,,,,,,,,,,,,
,somersault-infant-girls-sets-yellow-2-pieces,,,,,,,,,,,,,,,,,,,,,,,,,,,,,,,,,,https://www.somersault.life/cdn/shop/files/4_057aeb3a-d3d5-43b0-8c31-3e1d8209cfaa_800x.webp?v=1759217829,5,,,,,,,,,,,,,,,,,,
Somersault Embroidered T-Shirt – Multi (2 Piece),somersault-embroidered-t-shirt-multi-2-piece,"Pack of 2 full-sleeve tees — one solid yellow, one pink plaid print

Functional chest pocket with ruffle outline & cute animal embroidery

Soft, breathable stretch fabric for everyday comfort and easy layering

Cotton-rich stretch knit (soft & flexible)

Gentle machine wash

Do not bleach

Tumble dry low / Line dry",Somer Sault,Fashion,"Top Wear, Bottom Wear","Fashion, Top Wear, Bottom Wear, Full Bodysuit, Girl",TRUE,Active,,,Size,12-18M,,,,,1529.00,1699.00,1189.30,TRUE,,,,,,,deny,deny,FALSE,10,,,TRUE,manual,https://www.somersault.life/cdn/shop/files/G-TP-1523-MUL_4_1000x.webp?v=1761822132,1,,,FALSE,Somersault Embroidered T-Shirt – Multi (2 Piece),"Pack of 2 full-sleeve tees — one solid yellow, one pink plaid print

Functional chest pocket with ruffle outline & cute animal embroidery

Soft, breathable stretch fabric for everyday comfort and easy layering

Cotton-rich stretch knit (soft & flexible)

Gentle machine wash

Do not bleach

Tumble dry low / Line dry",Fashion,,,,,,,,,,,,
Somersault Embroidered T-Shirt – Multi (2 Piece),somersault-embroidered-t-shirt-multi-2-piece,"Pack of 2 full-sleeve tees — one solid yellow, one pink plaid print

Functional chest pocket with ruffle outline & cute animal embroidery

Soft, breathable stretch fabric for everyday comfort and easy layering

Cotton-rich stretch knit (soft & flexible)

Gentle machine wash

Do not bleach

Tumble dry low / Line dry",Somer Sault,Fashion,"Top Wear, Bottom Wear","Fashion, Top Wear, Bottom Wear, Full Bodysuit, Girl",TRUE,Active,,,Size,18-24M,,,,,1529.00,1699.00,1189.30,TRUE,,,,,,,deny,deny,FALSE,10,,,TRUE,manual,,,,,FALSE,Somersault Embroidered T-Shirt – Multi (2 Piece),"Pack of 2 full-sleeve tees — one solid yellow, one pink plaid print

Functional chest pocket with ruffle outline & cute animal embroidery

Soft, breathable stretch fabric for everyday comfort and easy layering

Cotton-rich stretch knit (soft & flexible)

Gentle machine wash

Do not bleach

Tumble dry low / Line dry",Fashion,,,,,,,,,,,,
Somersault Embroidered T-Shirt – Multi (2 Piece),somersault-embroidered-t-shirt-multi-2-piece,"Pack of 2 full-sleeve tees — one solid yellow, one pink plaid print

Functional chest pocket with ruffle outline & cute animal embroidery

Soft, breathable stretch fabric for everyday comfort and easy layering

Cotton-rich stretch knit (soft & flexible)

Gentle machine wash

Do not bleach

Tumble dry low / Line dry",Somer Sault,Fashion,"Top Wear, Bottom Wear","Fashion, Top Wear, Bottom Wear, Full Bodysuit, Girl",TRUE,Active,,,Size,2-3Y,,,,,1529.00,1699.00,1189.30,TRUE,,,,,,,deny,deny,FALSE,10,,,TRUE,manual,,,,,FALSE,Somersault Embroidered T-Shirt – Multi (2 Piece),"Pack of 2 full-sleeve tees — one solid yellow, one pink plaid print

Functional chest pocket with ruffle outline & cute animal embroidery

Soft, breathable stretch fabric for everyday comfort and easy layering

Cotton-rich stretch knit (soft & flexible)

Gentle machine wash

Do not bleach

Tumble dry low / Line dry",Fashion,,,,,,,,,,,,
Somersault Embroidered T-Shirt – Multi (2 Piece),somersault-embroidered-t-shirt-multi-2-piece,"Pack of 2 full-sleeve tees — one solid yellow, one pink plaid print

Functional chest pocket with ruffle outline & cute animal embroidery

Soft, breathable stretch fabric for everyday comfort and easy layering

Cotton-rich stretch knit (soft & flexible)

Gentle machine wash

Do not bleach

Tumble dry low / Line dry",Somer Sault,Fashion,"Top Wear, Bottom Wear","Fashion, Top Wear, Bottom Wear, Full Bodysuit, Girl",TRUE,Active,,,Size,3-4Y,,,,,1529.00,1699.00,1189.30,TRUE,,,,,,,deny,deny,FALSE,10,,,TRUE,manual,,,,,FALSE,Somersault Embroidered T-Shirt – Multi (2 Piece),"Pack of 2 full-sleeve tees — one solid yellow, one pink plaid print

Functional chest pocket with ruffle outline & cute animal embroidery

Soft, breathable stretch fabric for everyday comfort and easy layering

Cotton-rich stretch knit (soft & flexible)

Gentle machine wash

Do not bleach

Tumble dry low / Line dry",Fashion,,,,,,,,,,,,
Somersault Embroidered T-Shirt – Multi (2 Piece),somersault-embroidered-t-shirt-multi-2-piece,"Pack of 2 full-sleeve tees — one solid yellow, one pink plaid print

Functional chest pocket with ruffle outline & cute animal embroidery

Soft, breathable stretch fabric for everyday comfort and easy layering

Cotton-rich stretch knit (soft & flexible)

Gentle machine wash

Do not bleach

Tumble dry low / Line dry",Somer Sault,Fashion,"Top Wear, Bottom Wear","Fashion, Top Wear, Bottom Wear, Full Bodysuit, Girl",TRUE,Active,,,Size,4-5Y,,,,,1529.00,1699.00,1189.30,TRUE,,,,,,,deny,deny,FALSE,10,,,TRUE,manual,,,,,FALSE,Somersault Embroidered T-Shirt – Multi (2 Piece),"Pack of 2 full-sleeve tees — one solid yellow, one pink plaid print

Functional chest pocket with ruffle outline & cute animal embroidery

Soft, breathable stretch fabric for everyday comfort and easy layering

Cotton-rich stretch knit (soft & flexible)

Gentle machine wash

Do not bleach

Tumble dry low / Line dry",Fashion,,,,,,,,,,,,
Somersault Embroidered T-Shirt – Multi (2 Piece),somersault-embroidered-t-shirt-multi-2-piece,"Pack of 2 full-sleeve tees — one solid yellow, one pink plaid print

Functional chest pocket with ruffle outline & cute animal embroidery

Soft, breathable stretch fabric for everyday comfort and easy layering

Cotton-rich stretch knit (soft & flexible)

Gentle machine wash

Do not bleach

Tumble dry low / Line dry",Somer Sault,Fashion,"Top Wear, Bottom Wear","Fashion, Top Wear, Bottom Wear, Full Bodysuit, Girl",TRUE,Active,,,Size,5-6Y,,,,,1529.00,1699.00,1189.30,TRUE,,,,,,,deny,deny,FALSE,10,,,TRUE,manual,,,,,FALSE,Somersault Embroidered T-Shirt – Multi (2 Piece),"Pack of 2 full-sleeve tees — one solid yellow, one pink plaid print

Functional chest pocket with ruffle outline & cute animal embroidery

Soft, breathable stretch fabric for everyday comfort and easy layering

Cotton-rich stretch knit (soft & flexible)

Gentle machine wash

Do not bleach

Tumble dry low / Line dry",Fashion,,,,,,,,,,,,
,somersault-embroidered-t-shirt-multi-2-piece,,,,,,,,,,,,,,,,,,,,,,,,,,,,,,,,,,https://www.somersault.life/cdn/shop/files/1_577aec72-ee30-46d6-8d14-5acc05d750eb_1000x.webp?v=1761822132,2,,,,,,,,,,,,,,,,,,
,somersault-embroidered-t-shirt-multi-2-piece,,,,,,,,,,,,,,,,,,,,,,,,,,,,,,,,,,https://www.somersault.life/cdn/shop/files/2_8e45b7a5-789c-4d78-873d-dcbf419d34e6_800x.webp?v=1761822132,3,,,,,,,,,,,,,,,,,,
,somersault-embroidered-t-shirt-multi-2-piece,,,,,,,,,,,,,,,,,,,,,,,,,,,,,,,,,,https://www.somersault.life/cdn/shop/files/3_7d5e4505-c6ea-49e5-9016-40c668c5fd10_800x.webp?v=1761822132,4,,,,,,,,,,,,,,,,,,
,somersault-embroidered-t-shirt-multi-2-piece,,,,,,,,,,,,,,,,,,,,,,,,,,,,,,,,,,https://www.somersault.life/cdn/shop/files/4_140b2684-655f-4f7e-b20c-88b48fb8c73c_800x.webp?v=1761822132,5,,,,,,,,,,,,,,,,,,
Girls Top – Purple,girls-top-purple,"Comfortable everyday top, ideal for kids’ daily wear or outings

Easy to pull on — hassle-free for kids

Soft, breathable cotton

Machine wash gentle

Do not bleach

Tumble dry low / Line dry",Somer Sault,Fashion,Top Wear,"Fashion, Top Wear, Half Sleeve Tshirts, Girl",TRUE,Active,,,Size,2-3Y,,,,,899.00,999.00,699.30,TRUE,,,,,,,deny,deny,FALSE,10,,,TRUE,manual,https://lh3.googleusercontent.com/gg-dl/ABS2GSmrLqr_Djd5itEwZW7j6eqVs_KtoijlQFJB04t3HT9kfXTdKTEmsZrZ2OkWRDDbpvaSi_PTIa-VenaNKkF72UoTDYAXZLGTPUllvKLVppR_uvOKR5yk9GaI8nn2qaxkkuhEhvchliBHgwyJAJacbtAW5Zbd-XPdvZwlUPkInOkjuIvX=s1024-rj,1,,,FALSE,Girls Top – Purple,"Comfortable everyday top, ideal for kids’ daily wear or outings

Easy to pull on — hassle-free for kids

Soft, breathable cotton

Machine wash gentle

Do not bleach

Tumble dry low / Line dry",Fashion,,,,,,,,,,,,
Girls Top – Purple,girls-top-purple,"Comfortable everyday top, ideal for kids’ daily wear or outings

Easy to pull on — hassle-free for kids

Soft, breathable cotton

Machine wash gentle

Do not bleach

Tumble dry low / Line dry",Somer Sault,Fashion,Top Wear,"Fashion, Top Wear, Half Sleeve Tshirts, Girl",TRUE,Active,,,Size,3-4Y,,,,,899.00,999.00,699.30,TRUE,,,,,,,deny,deny,FALSE,10,,,TRUE,manual,,,,,FALSE,Girls Top – Purple,"Comfortable everyday top, ideal for kids’ daily wear or outings

Easy to pull on — hassle-free for kids

Soft, breathable cotton

Machine wash gentle

Do not bleach

Tumble dry low / Line dry",Fashion,,,,,,,,,,,,
Girls Top – Purple,girls-top-purple,"Comfortable everyday top, ideal for kids’ daily wear or outings

Easy to pull on — hassle-free for kids

Soft, breathable cotton

Machine wash gentle

Do not bleach

Tumble dry low / Line dry",Somer Sault,Fashion,Top Wear,"Fashion, Top Wear, Half Sleeve Tshirts, Girl",TRUE,Active,,,Size,4-5Y,,,,,899.00,999.00,699.30,TRUE,,,,,,,deny,deny,FALSE,10,,,TRUE,manual,,,,,FALSE,Girls Top – Purple,"Comfortable everyday top, ideal for kids’ daily wear or outings

Easy to pull on — hassle-free for kids

Soft, breathable cotton

Machine wash gentle

Do not bleach

Tumble dry low / Line dry",Fashion,,,,,,,,,,,,
Girls Top – Purple,girls-top-purple,"Comfortable everyday top, ideal for kids’ daily wear or outings

Easy to pull on — hassle-free for kids

Soft, breathable cotton

Machine wash gentle

Do not bleach

Tumble dry low / Line dry",Somer Sault,Fashion,Top Wear,"Fashion, Top Wear, Half Sleeve Tshirts, Girl",TRUE,Active,,,Size,5-6Y,,,,,899.00,999.00,699.30,TRUE,,,,,,,deny,deny,FALSE,10,,,TRUE,manual,,,,,FALSE,Girls Top – Purple,"Comfortable everyday top, ideal for kids’ daily wear or outings

Easy to pull on — hassle-free for kids

Soft, breathable cotton

Machine wash gentle

Do not bleach

Tumble dry low / Line dry",Fashion,,,,,,,,,,,,
,girls-top-purple,,,,,,,,,,,,,,,,,,,,,,,,,,,,,,,,,,https://lh3.googleusercontent.com/gg-dl/ABS2GSlBkzInJnHRqzZOl6mag3PL8X9V6twlx27UPFFNtWm8IwS697nFZelPm-Ryt-4hTGHAF8sGs2_tEaZKO2NIWfCJedYfN30-ai0R1fNnAF1cPMQwuPh4m3CleTCtzXk8ktYkOJYFV95OtoIgWJC0wkR9ONTWasX1dHe_LdjPwneJyuIrcQ=s1024-rj,2,,,,,,,,,,,,,,,,,,
